[
{
    "model": "authentication.cook",
    "pk": 1,
    "fields": {
        "password": "pbkdf2_sha256$216000$dummy$salt",
        "last_login": null,
        "is_superuser": false,
        "username": "user1",
        "first_name": "First1",
        "last_name": "Last1",
        "email": "user1@example.com",
        "is_staff": false,
        "is_active": true,
        "date_joined": "2025-04-18T09:29:04.203Z",
        "years_of_experience": 18,
        "groups": [],
        "user_permissions": []
    }
},
{
    "model": "authentication.cook",
    "pk": 2,
    "fields": {
        "password": "pbkdf2_sha256$216000$dummy$salt",
        "last_login": null,
        "is_superuser": false,
        "username": "user2",
        "first_name": "First2",
        "last_name": "Last2",
        "email": "user2@example.com",
        "is_staff": false,
        "is_active": true,
        "date_joined": "2025-04-18T09:29:04.204Z",
        "years_of_experience": 18,
        "groups": [],
        "user_permissions": []
    }
},
{
    "model": "authentication.cook",
    "pk": 3,
    "fields": {
        "password": "pbkdf2_sha256$216000$dummy$salt",
        "last_login": null,
        "is_superuser": false,
        "username": "user3",
        "first_name": "First3",
        "last_name": "Last3",
        "email": "user3@example.com",
        "is_staff": false,
        "is_active": true,
        "date_joined": "2025-04-18T09:29:04.205Z",
        "years_of_experience": 20,
        "groups": [],
        "user_permissions": []
    }
},
{
    "model": "authentication.cook",
    "pk": 4,
    "fields": {
        "password": "pbkdf2_sha256$216000$dummy$salt",
        "last_login": null,
        "is_superuser": false,
        "username": "user4",
        "first_name": "First4",
        "last_name": "Last4",
        "email": "user4@example.com",
        "is_staff": false,
        "is_active": true,
        "date_joined": "2025-04-18T09:29:04.205Z",
        "years_of_experience": 1,
        "groups": [],
        "user_permissions": []
    }
},
{
    "model": "authentication.cook",
    "pk": 5,
    "fields": {
        "password": "pbkdf2_sha256$216000$dummy$salt",
        "last_login": null,
        "is_superuser": false,
        "username": "user5",
        "first_name": "First5",
        "last_name": "Last5",
        "email": "user5@example.com",
        "is_staff": false,
        "is_active": true,
        "date_joined": "2025-04-18T09:29:04.205Z",
        "years_of_experience": 11,
        "groups": [],
        "user_permissions": []
    }
},
{
    "model": "authentication.cook",
    "pk": 6,
    "fields": {
        "password": "pbkdf2_sha256$216000$dummy$salt",
        "last_login": null,
        "is_superuser": false,
        "username": "user6",
        "first_name": "First6",
        "last_name": "Last6",
        "email": "user6@example.com",
        "is_staff": false,
        "is_active": true,
        "date_joined": "2025-04-18T09:29:04.205Z",
        "years_of_experience": 6,
        "groups": [],
        "user_permissions": []
    }
},
{
    "model": "authentication.cook",
    "pk": 7,
    "fields": {
        "password": "pbkdf2_sha256$216000$dummy$salt",
        "last_login": null,
        "is_superuser": false,
        "username": "user7",
        "first_name": "First7",
        "last_name": "Last7",
        "email": "user7@example.com",
        "is_staff": false,
        "is_active": true,
        "date_joined": "2025-04-18T09:29:04.206Z",
        "years_of_experience": 11,
        "groups": [],
        "user_permissions": []
    }
},
{
    "model": "authentication.cook",
    "pk": 8,
    "fields": {
        "password": "pbkdf2_sha256$216000$dummy$salt",
        "last_login": null,
        "is_superuser": false,
        "username": "user8",
        "first_name": "First8",
        "last_name": "Last8",
        "email": "user8@example.com",
        "is_staff": false,
        "is_active": true,
        "date_joined": "2025-04-18T09:29:04.206Z",
        "years_of_experience": 6,
        "groups": [],
        "user_permissions": []
    }
},
{
    "model": "authentication.cook",
    "pk": 9,
    "fields": {
        "password": "pbkdf2_sha256$216000$dummy$salt",
        "last_login": null,
        "is_superuser": false,
        "username": "user9",
        "first_name": "First9",
        "last_name": "Last9",
        "email": "user9@example.com",
        "is_staff": false,
        "is_active": true,
        "date_joined": "2025-04-18T09:29:04.206Z",
        "years_of_experience": 9,
        "groups": [],
        "user_permissions": []
    }
},
{
    "model": "authentication.cook",
    "pk": 10,
    "fields": {
        "password": "pbkdf2_sha256$216000$dummy$salt",
        "last_login": null,
        "is_superuser": false,
        "username": "user10",
        "first_name": "First10",
        "last_name": "Last10",
        "email": "user10@example.com",
        "is_staff": false,
        "is_active": true,
        "date_joined": "2025-04-18T09:29:04.206Z",
        "years_of_experience": 1,
        "groups": [],
        "user_permissions": []
    }
},
{
    "model": "authentication.cook",
    "pk": 11,
    "fields": {
        "password": "pbkdf2_sha256$216000$dummy$salt",
        "last_login": null,
        "is_superuser": false,
        "username": "user11",
        "first_name": "First11",
        "last_name": "Last11",
        "email": "user11@example.com",
        "is_staff": false,
        "is_active": true,
        "date_joined": "2025-04-18T09:29:04.207Z",
        "years_of_experience": 19,
        "groups": [],
        "user_permissions": []
    }
},
{
    "model": "authentication.cook",
    "pk": 12,
    "fields": {
        "password": "pbkdf2_sha256$216000$dummy$salt",
        "last_login": null,
        "is_superuser": false,
        "username": "user12",
        "first_name": "First12",
        "last_name": "Last12",
        "email": "user12@example.com",
        "is_staff": false,
        "is_active": true,
        "date_joined": "2025-04-18T09:29:04.207Z",
        "years_of_experience": 3,
        "groups": [],
        "user_permissions": []
    }
},
{
    "model": "authentication.cook",
    "pk": 13,
    "fields": {
        "password": "pbkdf2_sha256$216000$dummy$salt",
        "last_login": null,
        "is_superuser": false,
        "username": "user13",
        "first_name": "First13",
        "last_name": "Last13",
        "email": "user13@example.com",
        "is_staff": false,
        "is_active": true,
        "date_joined": "2025-04-18T09:29:04.207Z",
        "years_of_experience": 6,
        "groups": [],
        "user_permissions": []
    }
},
{
    "model": "authentication.cook",
    "pk": 14,
    "fields": {
        "password": "pbkdf2_sha256$216000$dummy$salt",
        "last_login": null,
        "is_superuser": false,
        "username": "user14",
        "first_name": "First14",
        "last_name": "Last14",
        "email": "user14@example.com",
        "is_staff": false,
        "is_active": true,
        "date_joined": "2025-04-18T09:29:04.208Z",
        "years_of_experience": 7,
        "groups": [],
        "user_permissions": []
    }
},
{
    "model": "authentication.cook",
    "pk": 15,
    "fields": {
        "password": "pbkdf2_sha256$216000$dummy$salt",
        "last_login": null,
        "is_superuser": false,
        "username": "user15",
        "first_name": "First15",
        "last_name": "Last15",
        "email": "user15@example.com",
        "is_staff": false,
        "is_active": true,
        "date_joined": "2025-04-18T09:29:04.208Z",
        "years_of_experience": 17,
        "groups": [],
        "user_permissions": []
    }
},
{
    "model": "authentication.cook",
    "pk": 16,
    "fields": {
        "password": "pbkdf2_sha256$216000$dummy$salt",
        "last_login": null,
        "is_superuser": false,
        "username": "user16",
        "first_name": "First16",
        "last_name": "Last16",
        "email": "user16@example.com",
        "is_staff": false,
        "is_active": true,
        "date_joined": "2025-04-18T09:29:04.208Z",
        "years_of_experience": 20,
        "groups": [],
        "user_permissions": []
    }
},
{
    "model": "authentication.cook",
    "pk": 17,
    "fields": {
        "password": "pbkdf2_sha256$216000$dummy$salt",
        "last_login": null,
        "is_superuser": false,
        "username": "user17",
        "first_name": "First17",
        "last_name": "Last17",
        "email": "user17@example.com",
        "is_staff": false,
        "is_active": true,
        "date_joined": "2025-04-18T09:29:04.208Z",
        "years_of_experience": 16,
        "groups": [],
        "user_permissions": []
    }
},
{
    "model": "authentication.cook",
    "pk": 18,
    "fields": {
        "password": "pbkdf2_sha256$216000$dummy$salt",
        "last_login": null,
        "is_superuser": false,
        "username": "user18",
        "first_name": "First18",
        "last_name": "Last18",
        "email": "user18@example.com",
        "is_staff": false,
        "is_active": true,
        "date_joined": "2025-04-18T09:29:04.209Z",
        "years_of_experience": 20,
        "groups": [],
        "user_permissions": []
    }
},
{
    "model": "authentication.cook",
    "pk": 19,
    "fields": {
        "password": "pbkdf2_sha256$216000$dummy$salt",
        "last_login": null,
        "is_superuser": false,
        "username": "user19",
        "first_name": "First19",
        "last_name": "Last19",
        "email": "user19@example.com",
        "is_staff": false,
        "is_active": true,
        "date_joined": "2025-04-18T09:29:04.209Z",
        "years_of_experience": 14,
        "groups": [],
        "user_permissions": []
    }
},
{
    "model": "authentication.cook",
    "pk": 20,
    "fields": {
        "password": "pbkdf2_sha256$216000$dummy$salt",
        "last_login": null,
        "is_superuser": false,
        "username": "user20",
        "first_name": "First20",
        "last_name": "Last20",
        "email": "user20@example.com",
        "is_staff": false,
        "is_active": true,
        "date_joined": "2025-04-18T09:29:04.209Z",
        "years_of_experience": 17,
        "groups": [],
        "user_permissions": []
    }
},
{
    "model": "authentication.cook",
    "pk": 21,
    "fields": {
        "password": "pbkdf2_sha256$216000$dummy$salt",
        "last_login": null,
        "is_superuser": false,
        "username": "user21",
        "first_name": "First21",
        "last_name": "Last21",
        "email": "user21@example.com",
        "is_staff": false,
        "is_active": true,
        "date_joined": "2025-04-18T09:29:04.209Z",
        "years_of_experience": 5,
        "groups": [],
        "user_permissions": []
    }
},
{
    "model": "authentication.cook",
    "pk": 22,
    "fields": {
        "password": "pbkdf2_sha256$216000$dummy$salt",
        "last_login": null,
        "is_superuser": false,
        "username": "user22",
        "first_name": "First22",
        "last_name": "Last22",
        "email": "user22@example.com",
        "is_staff": false,
        "is_active": true,
        "date_joined": "2025-04-18T09:29:04.210Z",
        "years_of_experience": 19,
        "groups": [],
        "user_permissions": []
    }
},
{
    "model": "authentication.cook",
    "pk": 23,
    "fields": {
        "password": "pbkdf2_sha256$216000$dummy$salt",
        "last_login": null,
        "is_superuser": false,
        "username": "user23",
        "first_name": "First23",
        "last_name": "Last23",
        "email": "user23@example.com",
        "is_staff": false,
        "is_active": true,
        "date_joined": "2025-04-18T09:29:04.210Z",
        "years_of_experience": 5,
        "groups": [],
        "user_permissions": []
    }
},
{
    "model": "authentication.cook",
    "pk": 24,
    "fields": {
        "password": "pbkdf2_sha256$216000$dummy$salt",
        "last_login": null,
        "is_superuser": false,
        "username": "user24",
        "first_name": "First24",
        "last_name": "Last24",
        "email": "user24@example.com",
        "is_staff": false,
        "is_active": true,
        "date_joined": "2025-04-18T09:29:04.210Z",
        "years_of_experience": 5,
        "groups": [],
        "user_permissions": []
    }
},
{
    "model": "authentication.cook",
    "pk": 25,
    "fields": {
        "password": "pbkdf2_sha256$216000$dummy$salt",
        "last_login": null,
        "is_superuser": false,
        "username": "user25",
        "first_name": "First25",
        "last_name": "Last25",
        "email": "user25@example.com",
        "is_staff": false,
        "is_active": true,
        "date_joined": "2025-04-18T09:29:04.210Z",
        "years_of_experience": 4,
        "groups": [],
        "user_permissions": []
    }
},
{
    "model": "authentication.cook",
    "pk": 26,
    "fields": {
        "password": "pbkdf2_sha256$216000$dummy$salt",
        "last_login": null,
        "is_superuser": false,
        "username": "user26",
        "first_name": "First26",
        "last_name": "Last26",
        "email": "user26@example.com",
        "is_staff": false,
        "is_active": true,
        "date_joined": "2025-04-18T09:29:04.211Z",
        "years_of_experience": 20,
        "groups": [],
        "user_permissions": []
    }
},
{
    "model": "authentication.cook",
    "pk": 27,
    "fields": {
        "password": "pbkdf2_sha256$216000$dummy$salt",
        "last_login": null,
        "is_superuser": false,
        "username": "user27",
        "first_name": "First27",
        "last_name": "Last27",
        "email": "user27@example.com",
        "is_staff": false,
        "is_active": true,
        "date_joined": "2025-04-18T09:29:04.211Z",
        "years_of_experience": 7,
        "groups": [],
        "user_permissions": []
    }
},
{
    "model": "authentication.cook",
    "pk": 28,
    "fields": {
        "password": "pbkdf2_sha256$216000$dummy$salt",
        "last_login": null,
        "is_superuser": false,
        "username": "user28",
        "first_name": "First28",
        "last_name": "Last28",
        "email": "user28@example.com",
        "is_staff": false,
        "is_active": true,
        "date_joined": "2025-04-18T09:29:04.211Z",
        "years_of_experience": 2,
        "groups": [],
        "user_permissions": []
    }
},
{
    "model": "authentication.cook",
    "pk": 29,
    "fields": {
        "password": "pbkdf2_sha256$216000$dummy$salt",
        "last_login": null,
        "is_superuser": false,
        "username": "user29",
        "first_name": "First29",
        "last_name": "Last29",
        "email": "user29@example.com",
        "is_staff": false,
        "is_active": true,
        "date_joined": "2025-04-18T09:29:04.212Z",
        "years_of_experience": 10,
        "groups": [],
        "user_permissions": []
    }
},
{
    "model": "authentication.cook",
    "pk": 30,
    "fields": {
        "password": "pbkdf2_sha256$216000$dummy$salt",
        "last_login": null,
        "is_superuser": false,
        "username": "user30",
        "first_name": "First30",
        "last_name": "Last30",
        "email": "user30@example.com",
        "is_staff": false,
        "is_active": true,
        "date_joined": "2025-04-18T09:29:04.213Z",
        "years_of_experience": 8,
        "groups": [],
        "user_permissions": []
    }
},
{
    "model": "authentication.cook",
    "pk": 31,
    "fields": {
        "password": "pbkdf2_sha256$216000$dummy$salt",
        "last_login": null,
        "is_superuser": true,
        "username": "admin",
        "first_name": "admin",
        "last_name": "admin",
        "email": "admin@admin.com",
        "is_staff": true,
        "is_active": true,
        "date_joined": "2025-04-18T09:28:45.666Z",
        "years_of_experience": 9,
        "groups": [],
        "user_permissions": []
    }
},
{
    "model": "authentication.cook",
    "pk": 32,
    "fields": {
        "password": "pbkdf2_sha256$1000000$zvfw9IR2y3EMkvwt0XV3Od$5nIPp7kEvI/7ucIKqchqi8LW0BIOImu1b9YooXO3Wdw=",
        "last_login": "2025-04-18T09:30:39.902Z",
        "is_superuser": true,
        "username": "admin2",
        "first_name": "",
        "last_name": "",
        "email": "admin@admin2.com",
        "is_staff": true,
        "is_active": true,
        "date_joined": "2025-04-18T09:30:34.576Z",
        "years_of_experience": 0,
        "groups": [],
        "user_permissions": []
    }
},
{
    "model": "authentication.cook",
    "pk": 33,
    "fields": {
        "password": "pbkdf2_sha256$1000000$keISk8mVd1A8enYb9EyufV$ahmcUxIMrK0fuvT1ySnlX/qWorzpZ5m0I2PzvfHyBoo=",
        "last_login": "2025-04-18T09:59:53.112Z",
        "is_superuser": false,
        "username": "asfkjafl",
        "first_name": ";jafsj",
        "last_name": "khfaoihaoi",
        "email": "",
        "is_staff": false,
        "is_active": true,
        "date_joined": "2025-04-18T09:59:19.806Z",
        "years_of_experience": 17,
        "groups": [],
        "user_permissions": []
    }
},
{
    "model": "authentication.cook",
    "pk": 34,
    "fields": {
        "password": "pbkdf2_sha256$1000000$4LAj4SQfxLLYUEt6eHU8v8$fCIzkjk1+GjyBLPs9RRgHWY4AkYEQf3tYuATpWBfLdg=",
        "last_login": "2025-04-23T07:09:22.196Z",
        "is_superuser": false,
        "username": "admin.user",
        "first_name": "",
        "last_name": "",
        "email": "",
        "is_staff": false,
        "is_active": true,
        "date_joined": "2025-04-23T07:09:16.392Z",
        "years_of_experience": 0,
        "groups": [],
        "user_permissions": []
    }
},
{
    "model": "core.dishtype",
    "pk": 1,
    "fields": {
        "name": "Dish Type 1"
    }
},
{
    "model": "core.dishtype",
    "pk": 2,
    "fields": {
        "name": "Dish Type 2"
    }
},
{
    "model": "core.dishtype",
    "pk": 3,
    "fields": {
        "name": "Dish Type 3"
    }
},
{
    "model": "core.dishtype",
    "pk": 4,
    "fields": {
        "name": "Dish Type 4"
    }
},
{
    "model": "core.dishtype",
    "pk": 5,
    "fields": {
        "name": "Dish Type 5"
    }
},
{
    "model": "core.dishtype",
    "pk": 6,
    "fields": {
        "name": "Dish Type 6"
    }
},
{
    "model": "core.dishtype",
    "pk": 7,
    "fields": {
        "name": "Dish Type 7"
    }
},
{
    "model": "core.dishtype",
    "pk": 8,
    "fields": {
        "name": "Dish Type 8"
    }
},
{
    "model": "core.dishtype",
    "pk": 9,
    "fields": {
        "name": "Dish Type 9"
    }
},
{
    "model": "core.dishtype",
    "pk": 10,
    "fields": {
        "name": "Dish Type 10"
    }
},
{
    "model": "core.dishtype",
    "pk": 11,
    "fields": {
        "name": "Dish Type 11"
    }
},
{
    "model": "core.dishtype",
    "pk": 12,
    "fields": {
        "name": "Dish Type 12"
    }
},
{
    "model": "core.dishtype",
    "pk": 13,
    "fields": {
        "name": "Dish Type 13"
    }
},
{
    "model": "core.dishtype",
    "pk": 14,
    "fields": {
        "name": "Dish Type 14"
    }
},
{
    "model": "core.dishtype",
    "pk": 15,
    "fields": {
        "name": "Dish Type 15"
    }
},
{
    "model": "core.dishtype",
    "pk": 16,
    "fields": {
        "name": "Dish Type 16"
    }
},
{
    "model": "core.dishtype",
    "pk": 17,
    "fields": {
        "name": "Dish Type 17"
    }
},
{
    "model": "core.dishtype",
    "pk": 18,
    "fields": {
        "name": "Dish Type 18"
    }
},
{
    "model": "core.dishtype",
    "pk": 19,
    "fields": {
        "name": "Dish Type 19"
    }
},
{
    "model": "core.dishtype",
    "pk": 20,
    "fields": {
        "name": "Dish Type 20"
    }
},
{
    "model": "core.dishtype",
    "pk": 21,
    "fields": {
        "name": "Dish Type 21"
    }
},
{
    "model": "core.dishtype",
    "pk": 22,
    "fields": {
        "name": "Dish Type 22"
    }
},
{
    "model": "core.dishtype",
    "pk": 23,
    "fields": {
        "name": "Dish Type 23"
    }
},
{
    "model": "core.dishtype",
    "pk": 24,
    "fields": {
        "name": "Dish Type 24"
    }
},
{
    "model": "core.dishtype",
    "pk": 25,
    "fields": {
        "name": "Dish Type 25"
    }
},
{
    "model": "core.dishtype",
    "pk": 26,
    "fields": {
        "name": "Dish Type 26"
    }
},
{
    "model": "core.dishtype",
    "pk": 27,
    "fields": {
        "name": "Dish Type 27"
    }
},
{
    "model": "core.dishtype",
    "pk": 28,
    "fields": {
        "name": "Dish Type 28"
    }
},
{
    "model": "core.dishtype",
    "pk": 29,
    "fields": {
        "name": "Dish Type 29"
    }
},
{
    "model": "core.dishtype",
    "pk": 30,
    "fields": {
        "name": "Dish Type 30"
    }
},
{
    "model": "core.ingredient",
    "pk": 1,
    "fields": {
        "name": "Ingredient 1"
    }
},
{
    "model": "core.ingredient",
    "pk": 2,
    "fields": {
        "name": "Ingredient 2"
    }
},
{
    "model": "core.ingredient",
    "pk": 3,
    "fields": {
        "name": "Ingredient 3"
    }
},
{
    "model": "core.ingredient",
    "pk": 4,
    "fields": {
        "name": "Ingredient 4"
    }
},
{
    "model": "core.ingredient",
    "pk": 5,
    "fields": {
        "name": "Ingredient 5"
    }
},
{
    "model": "core.ingredient",
    "pk": 6,
    "fields": {
        "name": "Ingredient 6"
    }
},
{
    "model": "core.ingredient",
    "pk": 7,
    "fields": {
        "name": "Ingredient 7"
    }
},
{
    "model": "core.ingredient",
    "pk": 8,
    "fields": {
        "name": "Ingredient 8"
    }
},
{
    "model": "core.ingredient",
    "pk": 9,
    "fields": {
        "name": "Ingredient 9"
    }
},
{
    "model": "core.ingredient",
    "pk": 10,
    "fields": {
        "name": "Ingredient 10"
    }
},
{
    "model": "core.ingredient",
    "pk": 11,
    "fields": {
        "name": "Ingredient 11"
    }
},
{
    "model": "core.ingredient",
    "pk": 12,
    "fields": {
        "name": "Ingredient 12"
    }
},
{
    "model": "core.ingredient",
    "pk": 13,
    "fields": {
        "name": "Ingredient 13"
    }
},
{
    "model": "core.ingredient",
    "pk": 14,
    "fields": {
        "name": "Ingredient 14"
    }
},
{
    "model": "core.ingredient",
    "pk": 15,
    "fields": {
        "name": "Ingredient 15"
    }
},
{
    "model": "core.ingredient",
    "pk": 16,
    "fields": {
        "name": "Ingredient 16"
    }
},
{
    "model": "core.ingredient",
    "pk": 17,
    "fields": {
        "name": "Ingredient 17"
    }
},
{
    "model": "core.ingredient",
    "pk": 18,
    "fields": {
        "name": "Ingredient 18"
    }
},
{
    "model": "core.ingredient",
    "pk": 19,
    "fields": {
        "name": "Ingredient 19"
    }
},
{
    "model": "core.ingredient",
    "pk": 20,
    "fields": {
        "name": "Ingredient 20"
    }
},
{
    "model": "core.ingredient",
    "pk": 21,
    "fields": {
        "name": "Ingredient 21"
    }
},
{
    "model": "core.ingredient",
    "pk": 22,
    "fields": {
        "name": "Ingredient 22"
    }
},
{
    "model": "core.ingredient",
    "pk": 23,
    "fields": {
        "name": "Ingredient 23"
    }
},
{
    "model": "core.ingredient",
    "pk": 24,
    "fields": {
        "name": "Ingredient 24"
    }
},
{
    "model": "core.ingredient",
    "pk": 25,
    "fields": {
        "name": "Ingredient 25"
    }
},
{
    "model": "core.ingredient",
    "pk": 26,
    "fields": {
        "name": "Ingredient 26"
    }
},
{
    "model": "core.ingredient",
    "pk": 27,
    "fields": {
        "name": "Ingredient 27"
    }
},
{
    "model": "core.ingredient",
    "pk": 28,
    "fields": {
        "name": "Ingredient 28"
    }
},
{
    "model": "core.ingredient",
    "pk": 29,
    "fields": {
        "name": "Ingredient 29"
    }
},
{
    "model": "core.ingredient",
    "pk": 30,
    "fields": {
        "name": "Ingredient 30"
    }
},
{
    "model": "core.dish",
    "pk": 1,
    "fields": {
        "name": "Dish 1",
        "description": "This is a description for Dish 1.",
        "price": "10.09",
        "dish_type": 14,
        "cooks": [
            9,
            21,
            30
        ],
        "ingredients": [
            17,
            27,
            3,
            5
        ]
    }
},
{
    "model": "core.dish",
    "pk": 2,
    "fields": {
        "name": "Dish 2",
        "description": "This is a description for Dish 2.",
        "price": "27.33",
        "dish_type": 19,
        "cooks": [
            12,
            27,
            30
        ],
        "ingredients": [
            25,
            27,
            3,
            7
        ]
    }
},
{
    "model": "core.dish",
    "pk": 3,
    "fields": {
        "name": "Dish 3",
        "description": "This is a description for Dish 3.",
        "price": "41.02",
        "dish_type": 17,
        "cooks": [
            6,
            23,
            30
        ],
        "ingredients": [
            12,
            14,
            4,
            5
        ]
    }
},
{
    "model": "core.dish",
    "pk": 4,
    "fields": {
        "name": "Dish 4",
        "description": "This is a description for Dish 4.",
        "price": "26.80",
        "dish_type": 23,
        "cooks": [
            5,
            20,
            22
        ],
        "ingredients": [
            11,
            17,
            24,
            7
        ]
    }
},
{
    "model": "core.dish",
    "pk": 5,
    "fields": {
        "name": "Dish 5",
        "description": "This is a description for Dish 5.",
        "price": "8.42",
        "dish_type": 9,
        "cooks": [
            6,
            7,
            14
        ],
        "ingredients": [
            21,
            22,
            7,
            9
        ]
    }
},
{
    "model": "core.dish",
    "pk": 6,
    "fields": {
        "name": "Dish 6",
        "description": "This is a description for Dish 6.",
        "price": "30.36",
        "dish_type": 3,
        "cooks": [
            8,
            15,
            17
        ],
        "ingredients": [
            12,
            19,
            29,
            8
        ]
    }
},
{
    "model": "core.dish",
    "pk": 7,
    "fields": {
        "name": "Dish 7",
        "description": "This is a description for Dish 7.",
        "price": "49.57",
        "dish_type": 1,
        "cooks": [
            12,
            17,
            30
        ],
        "ingredients": [
            13,
            24,
            25,
            3
        ]
    }
},
{
    "model": "core.dish",
    "pk": 8,
    "fields": {
        "name": "Dish 8",
        "description": "This is a description for Dish 8.",
        "price": "47.26",
        "dish_type": 11,
        "cooks": [
            9,
            16,
            22
        ],
        "ingredients": [
            1,
            12,
            13,
            17
        ]
    }
},
{
    "model": "core.dish",
    "pk": 9,
    "fields": {
        "name": "Dish 9",
        "description": "This is a description for Dish 9.",
        "price": "23.29",
        "dish_type": 29,
        "cooks": [
            2,
            12,
            24
        ],
        "ingredients": [
            10,
            18,
            28,
            4
        ]
    }
},
{
    "model": "core.dish",
    "pk": 10,
    "fields": {
        "name": "Dish 10",
        "description": "This is a description for Dish 10.",
        "price": "9.41",
        "dish_type": 29,
        "cooks": [
            2,
            10,
            25
        ],
        "ingredients": [
            23,
            24,
            6,
            8
        ]
    }
},
{
    "model": "core.dish",
    "pk": 11,
    "fields": {
        "name": "Dish 11",
        "description": "This is a description for Dish 11.",
        "price": "16.86",
        "dish_type": 25,
        "cooks": [
            22,
            28,
            29
        ],
        "ingredients": [
            12,
            17,
            2,
            6
        ]
    }
},
{
    "model": "core.dish",
    "pk": 12,
    "fields": {
        "name": "Dish 12",
        "description": "This is a description for Dish 12.",
        "price": "5.24",
        "dish_type": 22,
        "cooks": [
            18,
            19,
            28
        ],
        "ingredients": [
            20,
            26,
            30,
            8
        ]
    }
},
{
    "model": "core.dish",
    "pk": 13,
    "fields": {
        "name": "Dish 13",
        "description": "This is a description for Dish 13.",
        "price": "15.59",
        "dish_type": 26,
        "cooks": [
            7,
            15,
            21
        ],
        "ingredients": [
            10,
            11,
            19,
            5
        ]
    }
},
{
    "model": "core.dish",
    "pk": 14,
    "fields": {
        "name": "Dish 14",
        "description": "This is a description for Dish 14.",
        "price": "34.20",
        "dish_type": 28,
        "cooks": [
            13,
            22,
            23
        ],
        "ingredients": [
            1,
            10,
            20,
            30
        ]
    }
},
{
    "model": "core.dish",
    "pk": 15,
    "fields": {
        "name": "Dish 15",
        "description": "This is a description for Dish 15.",
        "price": "45.96",
        "dish_type": 18,
        "cooks": [
            3,
            28,
            30
        ],
        "ingredients": [
            18,
            28,
            30,
            7
        ]
    }
},
{
    "model": "core.dish",
    "pk": 16,
    "fields": {
        "name": "Dish 16",
        "description": "This is a description for Dish 16.",
        "price": "38.97",
        "dish_type": 4,
        "cooks": [
            11,
            23,
            29
        ],
        "ingredients": [
            20,
            22,
            24,
            5
        ]
    }
},
{
    "model": "core.dish",
    "pk": 17,
    "fields": {
        "name": "Dish 17",
        "description": "This is a description for Dish 17.",
        "price": "19.28",
        "dish_type": 15,
        "cooks": [
            5,
            10,
            30
        ],
        "ingredients": [
            15,
            24,
            4,
            6
        ]
    }
},
{
    "model": "core.dish",
    "pk": 18,
    "fields": {
        "name": "Dish 18",
        "description": "This is a description for Dish 18.",
        "price": "6.16",
        "dish_type": 16,
        "cooks": [
            8,
            9,
            24
        ],
        "ingredients": [
            16,
            24,
            25,
            28
        ]
    }
},
{
    "model": "core.dish",
    "pk": 19,
    "fields": {
        "name": "Dish 19",
        "description": "This is a description for Dish 19.",
        "price": "31.16",
        "dish_type": 10,
        "cooks": [
            10,
            20,
            29
        ],
        "ingredients": [
            12,
            18,
            24,
            3
        ]
    }
},
{
    "model": "core.dish",
    "pk": 20,
    "fields": {
        "name": "Dish 20",
        "description": "This is a description for Dish 20.",
        "price": "5.45",
        "dish_type": 18,
        "cooks": [
            11,
            13,
            18
        ],
        "ingredients": [
            10,
            19,
            2,
            29
        ]
    }
},
{
    "model": "core.dish",
    "pk": 21,
    "fields": {
        "name": "Dish 21",
        "description": "This is a description for Dish 21.",
        "price": "38.83",
        "dish_type": 27,
        "cooks": [
            3,
            10,
            14
        ],
        "ingredients": [
            15,
            16,
            19,
            20
        ]
    }
},
{
    "model": "core.dish",
    "pk": 22,
    "fields": {
        "name": "Dish 22",
        "description": "This is a description for Dish 22.",
        "price": "27.09",
        "dish_type": 12,
        "cooks": [
            7,
            9,
            29
        ],
        "ingredients": [
            17,
            23,
            27,
            6
        ]
    }
},
{
    "model": "core.dish",
    "pk": 23,
    "fields": {
        "name": "Dish 23",
        "description": "This is a description for Dish 23.",
        "price": "14.74",
        "dish_type": 17,
        "cooks": [
            11,
            21,
            24
        ],
        "ingredients": [
            10,
            15,
            21,
            4
        ]
    }
},
{
    "model": "core.dish",
    "pk": 24,
    "fields": {
        "name": "Dish 24",
        "description": "This is a description for Dish 24.",
        "price": "47.32",
        "dish_type": 18,
        "cooks": [
            11,
            16,
            25
        ],
        "ingredients": [
            21,
            29,
            30,
            7
        ]
    }
},
{
    "model": "core.dish",
    "pk": 25,
    "fields": {
        "name": "Dish 25",
        "description": "This is a description for Dish 25.",
        "price": "21.17",
        "dish_type": 11,
        "cooks": [
            7,
            15,
            26
        ],
        "ingredients": [
            13,
            2,
            27,
            4
        ]
    }
},
{
    "model": "core.dish",
    "pk": 26,
    "fields": {
        "name": "Dish 26",
        "description": "This is a description for Dish 26.",
        "price": "21.79",
        "dish_type": 6,
        "cooks": [
            15,
            22,
            26
        ],
        "ingredients": [
            15,
            20,
            22,
            9
        ]
    }
},
{
    "model": "core.dish",
    "pk": 27,
    "fields": {
        "name": "Dish 27",
        "description": "This is a description for Dish 27.",
        "price": "27.54",
        "dish_type": 28,
        "cooks": [
            4,
            20,
            25
        ],
        "ingredients": [
            12,
            17,
            21,
            9
        ]
    }
},
{
    "model": "core.dish",
    "pk": 28,
    "fields": {
        "name": "Dish 28",
        "description": "This is a description for Dish 28.",
        "price": "5.76",
        "dish_type": 13,
        "cooks": [
            9,
            11,
            17
        ],
        "ingredients": [
            11,
            24,
            29,
            9
        ]
    }
},
{
    "model": "core.dish",
    "pk": 29,
    "fields": {
        "name": "Dish 29",
        "description": "This is a description for Dish 29.",
        "price": "41.61",
        "dish_type": 6,
        "cooks": [
            26,
            28,
            29
        ],
        "ingredients": [
            14,
            28,
            29,
            7
        ]
    }
},
{
    "model": "core.dish",
    "pk": 30,
    "fields": {
        "name": "Dish 30",
        "description": "This is a description for Dish 30.",
        "price": "30.57",
        "dish_type": 1,
        "cooks": [
            2,
            6,
            23
        ],
        "ingredients": [
            11,
            16,
            29,
            9
        ]
    }
}
]
