[
  {
    "model": "core.dishtype",
    "pk": 1,
    "fields": {
      "name": "Dish Type 1"
    }
  },
  {
    "model": "core.dishtype",
    "pk": 2,
    "fields": {
      "name": "Dish Type 2"
    }
  },
  {
    "model": "core.dishtype",
    "pk": 3,
    "fields": {
      "name": "Dish Type 3"
    }
  },
  {
    "model": "core.dishtype",
    "pk": 4,
    "fields": {
      "name": "Dish Type 4"
    }
  },
  {
    "model": "core.dishtype",
    "pk": 5,
    "fields": {
      "name": "Dish Type 5"
    }
  },
  {
    "model": "core.dishtype",
    "pk": 6,
    "fields": {
      "name": "Dish Type 6"
    }
  },
  {
    "model": "core.dishtype",
    "pk": 7,
    "fields": {
      "name": "Dish Type 7"
    }
  },
  {
    "model": "core.dishtype",
    "pk": 8,
    "fields": {
      "name": "Dish Type 8"
    }
  },
  {
    "model": "core.dishtype",
    "pk": 9,
    "fields": {
      "name": "Dish Type 9"
    }
  },
  {
    "model": "core.dishtype",
    "pk": 10,
    "fields": {
      "name": "Dish Type 10"
    }
  },
  {
    "model": "core.dishtype",
    "pk": 11,
    "fields": {
      "name": "Dish Type 11"
    }
  },
  {
    "model": "core.dishtype",
    "pk": 12,
    "fields": {
      "name": "Dish Type 12"
    }
  },
  {
    "model": "core.dishtype",
    "pk": 13,
    "fields": {
      "name": "Dish Type 13"
    }
  },
  {
    "model": "core.dishtype",
    "pk": 14,
    "fields": {
      "name": "Dish Type 14"
    }
  },
  {
    "model": "core.dishtype",
    "pk": 15,
    "fields": {
      "name": "Dish Type 15"
    }
  },
  {
    "model": "core.dishtype",
    "pk": 16,
    "fields": {
      "name": "Dish Type 16"
    }
  },
  {
    "model": "core.dishtype",
    "pk": 17,
    "fields": {
      "name": "Dish Type 17"
    }
  },
  {
    "model": "core.dishtype",
    "pk": 18,
    "fields": {
      "name": "Dish Type 18"
    }
  },
  {
    "model": "core.dishtype",
    "pk": 19,
    "fields": {
      "name": "Dish Type 19"
    }
  },
  {
    "model": "core.dishtype",
    "pk": 20,
    "fields": {
      "name": "Dish Type 20"
    }
  },
  {
    "model": "core.dishtype",
    "pk": 21,
    "fields": {
      "name": "Dish Type 21"
    }
  },
  {
    "model": "core.dishtype",
    "pk": 22,
    "fields": {
      "name": "Dish Type 22"
    }
  },
  {
    "model": "core.dishtype",
    "pk": 23,
    "fields": {
      "name": "Dish Type 23"
    }
  },
  {
    "model": "core.dishtype",
    "pk": 24,
    "fields": {
      "name": "Dish Type 24"
    }
  },
  {
    "model": "core.dishtype",
    "pk": 25,
    "fields": {
      "name": "Dish Type 25"
    }
  },
  {
    "model": "core.dishtype",
    "pk": 26,
    "fields": {
      "name": "Dish Type 26"
    }
  },
  {
    "model": "core.dishtype",
    "pk": 27,
    "fields": {
      "name": "Dish Type 27"
    }
  },
  {
    "model": "core.dishtype",
    "pk": 28,
    "fields": {
      "name": "Dish Type 28"
    }
  },
  {
    "model": "core.dishtype",
    "pk": 29,
    "fields": {
      "name": "Dish Type 29"
    }
  },
  {
    "model": "core.dishtype",
    "pk": 30,
    "fields": {
      "name": "Dish Type 30"
    }
  },
  {
    "model": "authentication.cook",
    "pk": 1,
    "fields": {
      "username": "user1",
      "password": "pbkdf2_sha256$216000$dummy$salt",
      "first_name": "First1",
      "last_name": "Last1",
      "email": "user1@example.com",
      "years_of_experience": 18,
      "is_active": true,
      "is_staff": false,
      "is_superuser": false
    }
  },
  {
    "model": "authentication.cook",
    "pk": 2,
    "fields": {
      "username": "user2",
      "password": "pbkdf2_sha256$216000$dummy$salt",
      "first_name": "First2",
      "last_name": "Last2",
      "email": "user2@example.com",
      "years_of_experience": 18,
      "is_active": true,
      "is_staff": false,
      "is_superuser": false
    }
  },
  {
    "model": "authentication.cook",
    "pk": 3,
    "fields": {
      "username": "user3",
      "password": "pbkdf2_sha256$216000$dummy$salt",
      "first_name": "First3",
      "last_name": "Last3",
      "email": "user3@example.com",
      "years_of_experience": 20,
      "is_active": true,
      "is_staff": false,
      "is_superuser": false
    }
  },
  {
    "model": "authentication.cook",
    "pk": 4,
    "fields": {
      "username": "user4",
      "password": "pbkdf2_sha256$216000$dummy$salt",
      "first_name": "First4",
      "last_name": "Last4",
      "email": "user4@example.com",
      "years_of_experience": 1,
      "is_active": true,
      "is_staff": false,
      "is_superuser": false
    }
  },
  {
    "model": "authentication.cook",
    "pk": 5,
    "fields": {
      "username": "user5",
      "password": "pbkdf2_sha256$216000$dummy$salt",
      "first_name": "First5",
      "last_name": "Last5",
      "email": "user5@example.com",
      "years_of_experience": 11,
      "is_active": true,
      "is_staff": false,
      "is_superuser": false
    }
  },
  {
    "model": "authentication.cook",
    "pk": 6,
    "fields": {
      "username": "user6",
      "password": "pbkdf2_sha256$216000$dummy$salt",
      "first_name": "First6",
      "last_name": "Last6",
      "email": "user6@example.com",
      "years_of_experience": 6,
      "is_active": true,
      "is_staff": false,
      "is_superuser": false
    }
  },
  {
    "model": "authentication.cook",
    "pk": 7,
    "fields": {
      "username": "user7",
      "password": "pbkdf2_sha256$216000$dummy$salt",
      "first_name": "First7",
      "last_name": "Last7",
      "email": "user7@example.com",
      "years_of_experience": 11,
      "is_active": true,
      "is_staff": false,
      "is_superuser": false
    }
  },
  {
    "model": "authentication.cook",
    "pk": 8,
    "fields": {
      "username": "user8",
      "password": "pbkdf2_sha256$216000$dummy$salt",
      "first_name": "First8",
      "last_name": "Last8",
      "email": "user8@example.com",
      "years_of_experience": 6,
      "is_active": true,
      "is_staff": false,
      "is_superuser": false
    }
  },
  {
    "model": "authentication.cook",
    "pk": 9,
    "fields": {
      "username": "user9",
      "password": "pbkdf2_sha256$216000$dummy$salt",
      "first_name": "First9",
      "last_name": "Last9",
      "email": "user9@example.com",
      "years_of_experience": 9,
      "is_active": true,
      "is_staff": false,
      "is_superuser": false
    }
  },
  {
    "model": "authentication.cook",
    "pk": 10,
    "fields": {
      "username": "user10",
      "password": "pbkdf2_sha256$216000$dummy$salt",
      "first_name": "First10",
      "last_name": "Last10",
      "email": "user10@example.com",
      "years_of_experience": 1,
      "is_active": true,
      "is_staff": false,
      "is_superuser": false
    }
  },
  {
    "model": "authentication.cook",
    "pk": 11,
    "fields": {
      "username": "user11",
      "password": "pbkdf2_sha256$216000$dummy$salt",
      "first_name": "First11",
      "last_name": "Last11",
      "email": "user11@example.com",
      "years_of_experience": 19,
      "is_active": true,
      "is_staff": false,
      "is_superuser": false
    }
  },
  {
    "model": "authentication.cook",
    "pk": 12,
    "fields": {
      "username": "user12",
      "password": "pbkdf2_sha256$216000$dummy$salt",
      "first_name": "First12",
      "last_name": "Last12",
      "email": "user12@example.com",
      "years_of_experience": 3,
      "is_active": true,
      "is_staff": false,
      "is_superuser": false
    }
  },
  {
    "model": "authentication.cook",
    "pk": 13,
    "fields": {
      "username": "user13",
      "password": "pbkdf2_sha256$216000$dummy$salt",
      "first_name": "First13",
      "last_name": "Last13",
      "email": "user13@example.com",
      "years_of_experience": 6,
      "is_active": true,
      "is_staff": false,
      "is_superuser": false
    }
  },
  {
    "model": "authentication.cook",
    "pk": 14,
    "fields": {
      "username": "user14",
      "password": "pbkdf2_sha256$216000$dummy$salt",
      "first_name": "First14",
      "last_name": "Last14",
      "email": "user14@example.com",
      "years_of_experience": 7,
      "is_active": true,
      "is_staff": false,
      "is_superuser": false
    }
  },
  {
    "model": "authentication.cook",
    "pk": 15,
    "fields": {
      "username": "user15",
      "password": "pbkdf2_sha256$216000$dummy$salt",
      "first_name": "First15",
      "last_name": "Last15",
      "email": "user15@example.com",
      "years_of_experience": 17,
      "is_active": true,
      "is_staff": false,
      "is_superuser": false
    }
  },
  {
    "model": "authentication.cook",
    "pk": 16,
    "fields": {
      "username": "user16",
      "password": "pbkdf2_sha256$216000$dummy$salt",
      "first_name": "First16",
      "last_name": "Last16",
      "email": "user16@example.com",
      "years_of_experience": 20,
      "is_active": true,
      "is_staff": false,
      "is_superuser": false
    }
  },
  {
    "model": "authentication.cook",
    "pk": 17,
    "fields": {
      "username": "user17",
      "password": "pbkdf2_sha256$216000$dummy$salt",
      "first_name": "First17",
      "last_name": "Last17",
      "email": "user17@example.com",
      "years_of_experience": 16,
      "is_active": true,
      "is_staff": false,
      "is_superuser": false
    }
  },
  {
    "model": "authentication.cook",
    "pk": 18,
    "fields": {
      "username": "user18",
      "password": "pbkdf2_sha256$216000$dummy$salt",
      "first_name": "First18",
      "last_name": "Last18",
      "email": "user18@example.com",
      "years_of_experience": 20,
      "is_active": true,
      "is_staff": false,
      "is_superuser": false
    }
  },
  {
    "model": "authentication.cook",
    "pk": 19,
    "fields": {
      "username": "user19",
      "password": "pbkdf2_sha256$216000$dummy$salt",
      "first_name": "First19",
      "last_name": "Last19",
      "email": "user19@example.com",
      "years_of_experience": 14,
      "is_active": true,
      "is_staff": false,
      "is_superuser": false
    }
  },
  {
    "model": "authentication.cook",
    "pk": 20,
    "fields": {
      "username": "user20",
      "password": "pbkdf2_sha256$216000$dummy$salt",
      "first_name": "First20",
      "last_name": "Last20",
      "email": "user20@example.com",
      "years_of_experience": 17,
      "is_active": true,
      "is_staff": false,
      "is_superuser": false
    }
  },
  {
    "model": "authentication.cook",
    "pk": 21,
    "fields": {
      "username": "user21",
      "password": "pbkdf2_sha256$216000$dummy$salt",
      "first_name": "First21",
      "last_name": "Last21",
      "email": "user21@example.com",
      "years_of_experience": 5,
      "is_active": true,
      "is_staff": false,
      "is_superuser": false
    }
  },
  {
    "model": "authentication.cook",
    "pk": 22,
    "fields": {
      "username": "user22",
      "password": "pbkdf2_sha256$216000$dummy$salt",
      "first_name": "First22",
      "last_name": "Last22",
      "email": "user22@example.com",
      "years_of_experience": 19,
      "is_active": true,
      "is_staff": false,
      "is_superuser": false
    }
  },
  {
    "model": "authentication.cook",
    "pk": 23,
    "fields": {
      "username": "user23",
      "password": "pbkdf2_sha256$216000$dummy$salt",
      "first_name": "First23",
      "last_name": "Last23",
      "email": "user23@example.com",
      "years_of_experience": 5,
      "is_active": true,
      "is_staff": false,
      "is_superuser": false
    }
  },
  {
    "model": "authentication.cook",
    "pk": 24,
    "fields": {
      "username": "user24",
      "password": "pbkdf2_sha256$216000$dummy$salt",
      "first_name": "First24",
      "last_name": "Last24",
      "email": "user24@example.com",
      "years_of_experience": 5,
      "is_active": true,
      "is_staff": false,
      "is_superuser": false
    }
  },
  {
    "model": "authentication.cook",
    "pk": 25,
    "fields": {
      "username": "user25",
      "password": "pbkdf2_sha256$216000$dummy$salt",
      "first_name": "First25",
      "last_name": "Last25",
      "email": "user25@example.com",
      "years_of_experience": 4,
      "is_active": true,
      "is_staff": false,
      "is_superuser": false
    }
  },
  {
    "model": "authentication.cook",
    "pk": 26,
    "fields": {
      "username": "user26",
      "password": "pbkdf2_sha256$216000$dummy$salt",
      "first_name": "First26",
      "last_name": "Last26",
      "email": "user26@example.com",
      "years_of_experience": 20,
      "is_active": true,
      "is_staff": false,
      "is_superuser": false
    }
  },
  {
    "model": "authentication.cook",
    "pk": 27,
    "fields": {
      "username": "user27",
      "password": "pbkdf2_sha256$216000$dummy$salt",
      "first_name": "First27",
      "last_name": "Last27",
      "email": "user27@example.com",
      "years_of_experience": 7,
      "is_active": true,
      "is_staff": false,
      "is_superuser": false
    }
  },
  {
    "model": "authentication.cook",
    "pk": 28,
    "fields": {
      "username": "user28",
      "password": "pbkdf2_sha256$216000$dummy$salt",
      "first_name": "First28",
      "last_name": "Last28",
      "email": "user28@example.com",
      "years_of_experience": 2,
      "is_active": true,
      "is_staff": false,
      "is_superuser": false
    }
  },
  {
    "model": "authentication.cook",
    "pk": 29,
    "fields": {
      "username": "user29",
      "password": "pbkdf2_sha256$216000$dummy$salt",
      "first_name": "First29",
      "last_name": "Last29",
      "email": "user29@example.com",
      "years_of_experience": 10,
      "is_active": true,
      "is_staff": false,
      "is_superuser": false
    }
  },
  {
    "model": "authentication.cook",
    "pk": 30,
    "fields": {
      "username": "user30",
      "password": "pbkdf2_sha256$216000$dummy$salt",
      "first_name": "First30",
      "last_name": "Last30",
      "email": "user30@example.com",
      "years_of_experience": 8,
      "is_active": true,
      "is_staff": false,
      "is_superuser": false
    }
  },
  {
    "model": "core.ingredient",
    "pk": 1,
    "fields": {
      "name": "Ingredient 1"
    }
  },
  {
    "model": "core.ingredient",
    "pk": 2,
    "fields": {
      "name": "Ingredient 2"
    }
  },
  {
    "model": "core.ingredient",
    "pk": 3,
    "fields": {
      "name": "Ingredient 3"
    }
  },
  {
    "model": "core.ingredient",
    "pk": 4,
    "fields": {
      "name": "Ingredient 4"
    }
  },
  {
    "model": "core.ingredient",
    "pk": 5,
    "fields": {
      "name": "Ingredient 5"
    }
  },
  {
    "model": "core.ingredient",
    "pk": 6,
    "fields": {
      "name": "Ingredient 6"
    }
  },
  {
    "model": "core.ingredient",
    "pk": 7,
    "fields": {
      "name": "Ingredient 7"
    }
  },
  {
    "model": "core.ingredient",
    "pk": 8,
    "fields": {
      "name": "Ingredient 8"
    }
  },
  {
    "model": "core.ingredient",
    "pk": 9,
    "fields": {
      "name": "Ingredient 9"
    }
  },
  {
    "model": "core.ingredient",
    "pk": 10,
    "fields": {
      "name": "Ingredient 10"
    }
  },
  {
    "model": "core.ingredient",
    "pk": 11,
    "fields": {
      "name": "Ingredient 11"
    }
  },
  {
    "model": "core.ingredient",
    "pk": 12,
    "fields": {
      "name": "Ingredient 12"
    }
  },
  {
    "model": "core.ingredient",
    "pk": 13,
    "fields": {
      "name": "Ingredient 13"
    }
  },
  {
    "model": "core.ingredient",
    "pk": 14,
    "fields": {
      "name": "Ingredient 14"
    }
  },
  {
    "model": "core.ingredient",
    "pk": 15,
    "fields": {
      "name": "Ingredient 15"
    }
  },
  {
    "model": "core.ingredient",
    "pk": 16,
    "fields": {
      "name": "Ingredient 16"
    }
  },
  {
    "model": "core.ingredient",
    "pk": 17,
    "fields": {
      "name": "Ingredient 17"
    }
  },
  {
    "model": "core.ingredient",
    "pk": 18,
    "fields": {
      "name": "Ingredient 18"
    }
  },
  {
    "model": "core.ingredient",
    "pk": 19,
    "fields": {
      "name": "Ingredient 19"
    }
  },
  {
    "model": "core.ingredient",
    "pk": 20,
    "fields": {
      "name": "Ingredient 20"
    }
  },
  {
    "model": "core.ingredient",
    "pk": 21,
    "fields": {
      "name": "Ingredient 21"
    }
  },
  {
    "model": "core.ingredient",
    "pk": 22,
    "fields": {
      "name": "Ingredient 22"
    }
  },
  {
    "model": "core.ingredient",
    "pk": 23,
    "fields": {
      "name": "Ingredient 23"
    }
  },
  {
    "model": "core.ingredient",
    "pk": 24,
    "fields": {
      "name": "Ingredient 24"
    }
  },
  {
    "model": "core.ingredient",
    "pk": 25,
    "fields": {
      "name": "Ingredient 25"
    }
  },
  {
    "model": "core.ingredient",
    "pk": 26,
    "fields": {
      "name": "Ingredient 26"
    }
  },
  {
    "model": "core.ingredient",
    "pk": 27,
    "fields": {
      "name": "Ingredient 27"
    }
  },
  {
    "model": "core.ingredient",
    "pk": 28,
    "fields": {
      "name": "Ingredient 28"
    }
  },
  {
    "model": "core.ingredient",
    "pk": 29,
    "fields": {
      "name": "Ingredient 29"
    }
  },
  {
    "model": "core.ingredient",
    "pk": 30,
    "fields": {
      "name": "Ingredient 30"
    }
  },
  {
    "model": "core.dish",
    "pk": 1,
    "fields": {
      "name": "Dish 1",
      "description": "This is a description for Dish 1.",
      "price": "10.09",
      "dish_type": 14,
      "cooks": [
        21,
        30,
        9
      ],
      "ingredients": [
        3,
        27,
        5,
        17
      ]
    }
  },
  {
    "model": "core.dish",
    "pk": 2,
    "fields": {
      "name": "Dish 2",
      "description": "This is a description for Dish 2.",
      "price": "27.33",
      "dish_type": 19,
      "cooks": [
        27,
        30,
        12
      ],
      "ingredients": [
        7,
        3,
        27,
        25
      ]
    }
  },
  {
    "model": "core.dish",
    "pk": 3,
    "fields": {
      "name": "Dish 3",
      "description": "This is a description for Dish 3.",
      "price": "41.02",
      "dish_type": 17,
      "cooks": [
        30,
        23,
        6
      ],
      "ingredients": [
        12,
        5,
        4,
        14
      ]
    }
  },
  {
    "model": "core.dish",
    "pk": 4,
    "fields": {
      "name": "Dish 4",
      "description": "This is a description for Dish 4.",
      "price": "26.80",
      "dish_type": 23,
      "cooks": [
        22,
        5,
        20
      ],
      "ingredients": [
        11,
        24,
        7,
        17
      ]
    }
  },
  {
    "model": "core.dish",
    "pk": 5,
    "fields": {
      "name": "Dish 5",
      "description": "This is a description for Dish 5.",
      "price": "8.42",
      "dish_type": 9,
      "cooks": [
        6,
        14,
        7
      ],
      "ingredients": [
        7,
        9,
        22,
        21
      ]
    }
  },
  {
    "model": "core.dish",
    "pk": 6,
    "fields": {
      "name": "Dish 6",
      "description": "This is a description for Dish 6.",
      "price": "30.36",
      "dish_type": 3,
      "cooks": [
        17,
        8,
        15
      ],
      "ingredients": [
        12,
        29,
        8,
        19
      ]
    }
  },
  {
    "model": "core.dish",
    "pk": 7,
    "fields": {
      "name": "Dish 7",
      "description": "This is a description for Dish 7.",
      "price": "49.57",
      "dish_type": 1,
      "cooks": [
        12,
        30,
        17
      ],
      "ingredients": [
        13,
        24,
        3,
        25
      ]
    }
  },
  {
    "model": "core.dish",
    "pk": 8,
    "fields": {
      "name": "Dish 8",
      "description": "This is a description for Dish 8.",
      "price": "47.26",
      "dish_type": 11,
      "cooks": [
        22,
        16,
        9
      ],
      "ingredients": [
        17,
        12,
        1,
        13
      ]
    }
  },
  {
    "model": "core.dish",
    "pk": 9,
    "fields": {
      "name": "Dish 9",
      "description": "This is a description for Dish 9.",
      "price": "23.29",
      "dish_type": 29,
      "cooks": [
        12,
        2,
        24
      ],
      "ingredients": [
        18,
        28,
        10,
        4
      ]
    }
  },
  {
    "model": "core.dish",
    "pk": 10,
    "fields": {
      "name": "Dish 10",
      "description": "This is a description for Dish 10.",
      "price": "9.41",
      "dish_type": 29,
      "cooks": [
        2,
        10,
        25
      ],
      "ingredients": [
        6,
        24,
        23,
        8
      ]
    }
  },
  {
    "model": "core.dish",
    "pk": 11,
    "fields": {
      "name": "Dish 11",
      "description": "This is a description for Dish 11.",
      "price": "16.86",
      "dish_type": 25,
      "cooks": [
        22,
        28,
        29
      ],
      "ingredients": [
        6,
        2,
        17,
        12
      ]
    }
  },
  {
    "model": "core.dish",
    "pk": 12,
    "fields": {
      "name": "Dish 12",
      "description": "This is a description for Dish 12.",
      "price": "5.24",
      "dish_type": 22,
      "cooks": [
        28,
        19,
        18
      ],
      "ingredients": [
        26,
        20,
        30,
        8
      ]
    }
  },
  {
    "model": "core.dish",
    "pk": 13,
    "fields": {
      "name": "Dish 13",
      "description": "This is a description for Dish 13.",
      "price": "15.59",
      "dish_type": 26,
      "cooks": [
        7,
        21,
        15
      ],
      "ingredients": [
        11,
        10,
        19,
        5
      ]
    }
  },
  {
    "model": "core.dish",
    "pk": 14,
    "fields": {
      "name": "Dish 14",
      "description": "This is a description for Dish 14.",
      "price": "34.20",
      "dish_type": 28,
      "cooks": [
        22,
        13,
        23
      ],
      "ingredients": [
        30,
        20,
        10,
        1
      ]
    }
  },
  {
    "model": "core.dish",
    "pk": 15,
    "fields": {
      "name": "Dish 15",
      "description": "This is a description for Dish 15.",
      "price": "45.96",
      "dish_type": 18,
      "cooks": [
        3,
        30,
        28
      ],
      "ingredients": [
        28,
        7,
        18,
        30
      ]
    }
  },
  {
    "model": "core.dish",
    "pk": 16,
    "fields": {
      "name": "Dish 16",
      "description": "This is a description for Dish 16.",
      "price": "38.97",
      "dish_type": 4,
      "cooks": [
        29,
        11,
        23
      ],
      "ingredients": [
        22,
        5,
        24,
        20
      ]
    }
  },
  {
    "model": "core.dish",
    "pk": 17,
    "fields": {
      "name": "Dish 17",
      "description": "This is a description for Dish 17.",
      "price": "19.28",
      "dish_type": 15,
      "cooks": [
        10,
        5,
        30
      ],
      "ingredients": [
        15,
        4,
        24,
        6
      ]
    }
  },
  {
    "model": "core.dish",
    "pk": 18,
    "fields": {
      "name": "Dish 18",
      "description": "This is a description for Dish 18.",
      "price": "6.16",
      "dish_type": 16,
      "cooks": [
        24,
        8,
        9
      ],
      "ingredients": [
        25,
        28,
        24,
        16
      ]
    }
  },
  {
    "model": "core.dish",
    "pk": 19,
    "fields": {
      "name": "Dish 19",
      "description": "This is a description for Dish 19.",
      "price": "31.16",
      "dish_type": 10,
      "cooks": [
        10,
        20,
        29
      ],
      "ingredients": [
        24,
        12,
        18,
        3
      ]
    }
  },
  {
    "model": "core.dish",
    "pk": 20,
    "fields": {
      "name": "Dish 20",
      "description": "This is a description for Dish 20.",
      "price": "5.45",
      "dish_type": 18,
      "cooks": [
        13,
        11,
        18
      ],
      "ingredients": [
        2,
        10,
        19,
        29
      ]
    }
  },
  {
    "model": "core.dish",
    "pk": 21,
    "fields": {
      "name": "Dish 21",
      "description": "This is a description for Dish 21.",
      "price": "38.83",
      "dish_type": 27,
      "cooks": [
        3,
        14,
        10
      ],
      "ingredients": [
        19,
        20,
        15,
        16
      ]
    }
  },
  {
    "model": "core.dish",
    "pk": 22,
    "fields": {
      "name": "Dish 22",
      "description": "This is a description for Dish 22.",
      "price": "27.09",
      "dish_type": 12,
      "cooks": [
        29,
        9,
        7
      ],
      "ingredients": [
        23,
        17,
        27,
        6
      ]
    }
  },
  {
    "model": "core.dish",
    "pk": 23,
    "fields": {
      "name": "Dish 23",
      "description": "This is a description for Dish 23.",
      "price": "14.74",
      "dish_type": 17,
      "cooks": [
        11,
        24,
        21
      ],
      "ingredients": [
        10,
        15,
        21,
        4
      ]
    }
  },
  {
    "model": "core.dish",
    "pk": 24,
    "fields": {
      "name": "Dish 24",
      "description": "This is a description for Dish 24.",
      "price": "47.32",
      "dish_type": 18,
      "cooks": [
        25,
        16,
        11
      ],
      "ingredients": [
        30,
        21,
        29,
        7
      ]
    }
  },
  {
    "model": "core.dish",
    "pk": 25,
    "fields": {
      "name": "Dish 25",
      "description": "This is a description for Dish 25.",
      "price": "21.17",
      "dish_type": 11,
      "cooks": [
        7,
        15,
        26
      ],
      "ingredients": [
        2,
        13,
        4,
        27
      ]
    }
  },
  {
    "model": "core.dish",
    "pk": 26,
    "fields": {
      "name": "Dish 26",
      "description": "This is a description for Dish 26.",
      "price": "21.79",
      "dish_type": 6,
      "cooks": [
        26,
        15,
        22
      ],
      "ingredients": [
        9,
        22,
        15,
        20
      ]
    }
  },
  {
    "model": "core.dish",
    "pk": 27,
    "fields": {
      "name": "Dish 27",
      "description": "This is a description for Dish 27.",
      "price": "27.54",
      "dish_type": 28,
      "cooks": [
        4,
        25,
        20
      ],
      "ingredients": [
        12,
        17,
        9,
        21
      ]
    }
  },
  {
    "model": "core.dish",
    "pk": 28,
    "fields": {
      "name": "Dish 28",
      "description": "This is a description for Dish 28.",
      "price": "5.76",
      "dish_type": 13,
      "cooks": [
        11,
        9,
        17
      ],
      "ingredients": [
        9,
        29,
        11,
        24
      ]
    }
  },
  {
    "model": "core.dish",
    "pk": 29,
    "fields": {
      "name": "Dish 29",
      "description": "This is a description for Dish 29.",
      "price": "41.61",
      "dish_type": 6,
      "cooks": [
        26,
        28,
        29
      ],
      "ingredients": [
        28,
        7,
        29,
        14
      ]
    }
  },
  {
    "model": "core.dish",
    "pk": 30,
    "fields": {
      "name": "Dish 30",
      "description": "This is a description for Dish 30.",
      "price": "30.57",
      "dish_type": 1,
      "cooks": [
        6,
        2,
        23
      ],
      "ingredients": [
        9,
        11,
        16,
        29
      ]
    }
  }
]